<?xml version="1.0" encoding="UTF-8"?>
<root>
  <item name="com.shangrila.merchantreward.RewardSDK void start(android.app.Activity, java.lang.String) 1">
    <annotation name="androidx.annotation.StringDef">
      <val name="value" val="{com.shangrila.merchantreward.RewardSDK.ScreenMode.SCANREWARD, com.shangrila.merchantreward.RewardSDK.ScreenMode.SCANMEMBER, com.shangrila.merchantreward.RewardSDK.ScreenMode.ENDOFDAY, com.shangrila.merchantreward.RewardSDK.ScreenMode.HISTORY, com.shangrila.merchantreward.RewardSDK.ScreenMode.GETBYRECEIPTNUMBER, com.shangrila.merchantreward.RewardSDK.ScreenMode.HELPDESK, com.shangrila.merchantreward.RewardSDK.ScreenMode.CONFIRM}" />
    </annotation>
  </item>
  <item name="com.shangrila.merchantreward.RewardSDK void start(android.app.Activity, java.lang.String, java.lang.Double, java.lang.String, java.lang.String, java.lang.String, int) 1">
    <annotation name="androidx.annotation.StringDef">
      <val name="value" val="{com.shangrila.merchantreward.RewardSDK.ScreenMode.SCANREWARD, com.shangrila.merchantreward.RewardSDK.ScreenMode.SCANMEMBER, com.shangrila.merchantreward.RewardSDK.ScreenMode.ENDOFDAY, com.shangrila.merchantreward.RewardSDK.ScreenMode.HISTORY, com.shangrila.merchantreward.RewardSDK.ScreenMode.GETBYRECEIPTNUMBER, com.shangrila.merchantreward.RewardSDK.ScreenMode.HELPDESK, com.shangrila.merchantreward.RewardSDK.ScreenMode.CONFIRM}" />
    </annotation>
  </item>
  <item name="com.shangrila.merchantreward.RewardSDK void start(android.app.Activity, java.lang.String, java.lang.Double, java.lang.String, java.lang.String, java.lang.String, java.lang.String, int) 1">
    <annotation name="androidx.annotation.StringDef">
      <val name="value" val="{com.shangrila.merchantreward.RewardSDK.ScreenMode.SCANREWARD, com.shangrila.merchantreward.RewardSDK.ScreenMode.SCANMEMBER, com.shangrila.merchantreward.RewardSDK.ScreenMode.ENDOFDAY, com.shangrila.merchantreward.RewardSDK.ScreenMode.HISTORY, com.shangrila.merchantreward.RewardSDK.ScreenMode.GETBYRECEIPTNUMBER, com.shangrila.merchantreward.RewardSDK.ScreenMode.HELPDESK, com.shangrila.merchantreward.RewardSDK.ScreenMode.CONFIRM}" />
    </annotation>
  </item>
  <item name="com.shangrila.merchantreward.RewardSDK void start(android.app.Activity, java.lang.String, java.lang.String, int) 1">
    <annotation name="androidx.annotation.StringDef">
      <val name="value" val="{com.shangrila.merchantreward.RewardSDK.ScreenMode.SCANREWARD, com.shangrila.merchantreward.RewardSDK.ScreenMode.SCANMEMBER, com.shangrila.merchantreward.RewardSDK.ScreenMode.ENDOFDAY, com.shangrila.merchantreward.RewardSDK.ScreenMode.HISTORY, com.shangrila.merchantreward.RewardSDK.ScreenMode.GETBYRECEIPTNUMBER, com.shangrila.merchantreward.RewardSDK.ScreenMode.HELPDESK, com.shangrila.merchantreward.RewardSDK.ScreenMode.CONFIRM}" />
    </annotation>
  </item>
  <item name="com.shangrila.merchantreward.RewardSDK void start(android.support.v4.app.Fragment, java.lang.String) 1">
    <annotation name="androidx.annotation.StringDef">
      <val name="value" val="{com.shangrila.merchantreward.RewardSDK.ScreenMode.SCANREWARD, com.shangrila.merchantreward.RewardSDK.ScreenMode.SCANMEMBER, com.shangrila.merchantreward.RewardSDK.ScreenMode.ENDOFDAY, com.shangrila.merchantreward.RewardSDK.ScreenMode.HISTORY, com.shangrila.merchantreward.RewardSDK.ScreenMode.GETBYRECEIPTNUMBER, com.shangrila.merchantreward.RewardSDK.ScreenMode.HELPDESK, com.shangrila.merchantreward.RewardSDK.ScreenMode.CONFIRM}" />
    </annotation>
  </item>
  <item name="com.shangrila.merchantreward.RewardSDK void start(android.support.v4.app.Fragment, java.lang.String, java.lang.Double, java.lang.String, java.lang.String, java.lang.String, int) 1">
    <annotation name="androidx.annotation.StringDef">
      <val name="value" val="{com.shangrila.merchantreward.RewardSDK.ScreenMode.SCANREWARD, com.shangrila.merchantreward.RewardSDK.ScreenMode.SCANMEMBER, com.shangrila.merchantreward.RewardSDK.ScreenMode.ENDOFDAY, com.shangrila.merchantreward.RewardSDK.ScreenMode.HISTORY, com.shangrila.merchantreward.RewardSDK.ScreenMode.GETBYRECEIPTNUMBER, com.shangrila.merchantreward.RewardSDK.ScreenMode.HELPDESK, com.shangrila.merchantreward.RewardSDK.ScreenMode.CONFIRM}" />
    </annotation>
  </item>
  <item name="com.shangrila.merchantreward.RewardSDK void start(android.support.v4.app.Fragment, java.lang.String, java.lang.Double, java.lang.String, java.lang.String, java.lang.String, java.lang.String, int) 1">
    <annotation name="androidx.annotation.StringDef">
      <val name="value" val="{com.shangrila.merchantreward.RewardSDK.ScreenMode.SCANREWARD, com.shangrila.merchantreward.RewardSDK.ScreenMode.SCANMEMBER, com.shangrila.merchantreward.RewardSDK.ScreenMode.ENDOFDAY, com.shangrila.merchantreward.RewardSDK.ScreenMode.HISTORY, com.shangrila.merchantreward.RewardSDK.ScreenMode.GETBYRECEIPTNUMBER, com.shangrila.merchantreward.RewardSDK.ScreenMode.HELPDESK, com.shangrila.merchantreward.RewardSDK.ScreenMode.CONFIRM}" />
    </annotation>
  </item>
  <item name="com.shangrila.merchantreward.RewardSDK void start(android.support.v4.app.Fragment, java.lang.String, java.lang.String, int) 1">
    <annotation name="androidx.annotation.StringDef">
      <val name="value" val="{com.shangrila.merchantreward.RewardSDK.ScreenMode.SCANREWARD, com.shangrila.merchantreward.RewardSDK.ScreenMode.SCANMEMBER, com.shangrila.merchantreward.RewardSDK.ScreenMode.ENDOFDAY, com.shangrila.merchantreward.RewardSDK.ScreenMode.HISTORY, com.shangrila.merchantreward.RewardSDK.ScreenMode.GETBYRECEIPTNUMBER, com.shangrila.merchantreward.RewardSDK.ScreenMode.HELPDESK, com.shangrila.merchantreward.RewardSDK.ScreenMode.CONFIRM}" />
    </annotation>
  </item>
  <item name="com.shangrila.merchantreward.RewardSDK.Result">
    <annotation name="androidx.annotation.IntDef">
      <val name="value" val="{com.shangrila.merchantreward.RewardSDK.Result.SUCCESS, com.shangrila.merchantreward.RewardSDK.Result.ERROR}" />
    </annotation>
  </item>
  <item name="com.shangrila.merchantreward.RewardSDK.ScreenMode">
    <annotation name="androidx.annotation.StringDef">
      <val name="value" val="{com.shangrila.merchantreward.RewardSDK.ScreenMode.SCANREWARD, com.shangrila.merchantreward.RewardSDK.ScreenMode.SCANMEMBER, com.shangrila.merchantreward.RewardSDK.ScreenMode.ENDOFDAY, com.shangrila.merchantreward.RewardSDK.ScreenMode.HISTORY, com.shangrila.merchantreward.RewardSDK.ScreenMode.GETBYRECEIPTNUMBER, com.shangrila.merchantreward.RewardSDK.ScreenMode.HELPDESK, com.shangrila.merchantreward.RewardSDK.ScreenMode.CONFIRM}" />
    </annotation>
  </item>
</root>

